{"Unit 1: Introduction to Taxes": [{"name": "1.1 - Understanding Taxes", "expanded": false, "mcq": [{"options": ["Income Tax", "Sales Tax", "Property Tax", "Payroll Tax"], "q": "Which tax is primarily a percentage-based levy on the sale price of goods and services?", "ans": 1}]}, {"name": "1.2 - Types of Taxes", "expanded": false, "mcq": [{"options": ["Income Tax", "Sales Tax", "Property Tax", "Value-Added Tax (VAT)"], "q": "Which of the following taxes is a consumption tax that is ultimately paid by the end consumer?", "ans": 3}]}, {"name": "1.3 - Tax Structures", "expanded": false, "mcq": [{"options": ["Progressive Tax", "Regressive Tax", "Proportional Tax", "Consumption Tax", "Proportional Tax"], "q": "Which tax structure features a constant tax rate applied to all income levels?", "ans": 2}]}], "Unit 2: Federal Income Tax": [{"name": "2.1 - Individual Income Tax", "expanded": false, "mcq": [{"options": ["Filing an inaccurate tax return", "Failing to keep records of income and expenses", "Taking advantage of tax credits and deductions", "Paying taxes late or incomplete"], "q": "Which of the following is a method by which individuals can reduce their tax liability?", "ans": 2}]}, {"name": "2.2 - Corporate Income Tax", "expanded": false, "mcq": [{"options": ["The size of the business and its industry", "The specific tax laws in place", "The total revenue of the company", "The allowable deductions and exemptions"], "q": "Which factors determine the corporate income tax rate in different countries?", "ans": 1}]}, {"name": "2.3 - Taxation of Estates and Trusts", "expanded": false, "mcq": [{"options": ["The size of the estate", "The tax status of the beneficiary", "The tax exemption amount for estate taxes", "The tax status of the grantor"], "q": "Which of the following determines the taxation of a trust's income for federal income tax purposes?", "ans": 3}]}], "Unit 3: State and Local Taxes": [{"name": "3.1 - Sales Tax", "expanded": false, "mcq": [{"options": ["To fund the production of goods and services", "To generate revenue for public services and infrastructure projects", "To regulate the sale of certain goods and services", "To determine the value of imported goods"], "q": "Which of the following is the primary function of sales tax for governments?", "ans": 1}]}, {"name": "3.2 - Property Tax", "expanded": false, "mcq": [{"options": ["Police Department", "Fire Department", "Tax Assessor's Office", "School Board", "Tax Assessor's Office."], "q": "Which local government department is primarily responsible for collecting property taxes and determining property assessments?", "ans": 2}]}, {"name": "3.3 - Payroll Tax", "expanded": false, "mcq": [{"options": ["Income taxes and sales taxes", "Property taxes and inheritance taxes", "Payroll taxes, including Social Security and Medicare taxes", "Capital gains taxes and estate taxes"], "q": "Which taxes, primarily funded by employers and employees, are used to finance social security and Medicare programs in the United States?", "ans": 2}]}], "Unit 4: Tax Planning and Preparation": [{"name": "4.1 - Tax Ethics and Research", "expanded": false, "mcq": [{"options": ["Ensuring taxpayers pay their fair share", "Providing resources for tax administration", "Designing and implementing fair, transparent, and efficient tax policies", "Advising taxpayers on tax return preparation"], "q": "Which of the following is a key area of focus in tax ethics regarding governmental tax policies?", "ans": 2}]}, {"name": "4.2 - Taxation of Businesses", "expanded": false, "mcq": [{"options": ["Income, sales, and property taxes", "Payroll, sales, and property taxes", "Income, payroll, and sales taxes", "Property, sales, and income taxes", "Income, payroll, and sales taxes."], "q": "Which taxes are businesses generally required to pay based on their profits, employees' wages, real estate, and sales?", "ans": 2}]}, {"name": "4.3 - Taxation of Individuals", "expanded": false, "mcq": [{"options": ["Income tax and property taxes", "Social security contributions and income tax", "Income tax and sales tax", "Property taxes and sales tax", "Social security contributions and income tax"], "q": "Which types of taxes are individuals typically required to pay according to the given information?", "ans": 1}]}], "Unit 5: Tax Law and Policy": [{"name": "5.1 - Tax Legislation", "expanded": false, "mcq": [{"options": ["State tax codes", "Local tax codes", "Internal Revenue Code (IRC)", "Payroll tax legislation", "sets the rules for federal income tax, estate and gift tax, and other taxes in the United States."], "q": "Which code sets the rules for federal income tax, estate and gift tax, and other taxes in the United States?", "ans": 2}]}, {"name": "5.2 - Tax Administration", "expanded": false, "mcq": [{"options": ["Establishment of tax laws and regulations, and review of tax returns", "Collection of taxes through various methods", "Filing of tax returns and calculation of tax owed", "Enforcement of tax laws and regulations through audits and penalties", "Enforcement of tax laws and regulations through audits and penalties (is not mentioned in the passage but is an essential part of tax administration)"], "q": "Which steps are involved in the tax administration process, including the establishment of tax laws, filing of tax returns, collection of taxes, and enforcement of tax laws?", "ans": 3}]}, {"name": "5.3 - Tax Policy Analysis", "expanded": false, "mcq": [{"options": ["Progressive tax", "Regressive tax", "Flat tax", "Consumption tax"], "q": "Which type of tax imposes a higher tax rate on lower income levels relative to their income?", "ans": 1}]}], "Unit 6: Advanced Tax Topics": [{"name": "6.1 - International Taxation", "expanded": false, "mcq": [{"options": ["Determining the taxation of income earned abroad by individuals and corporations. B) Establishing tax havens and double Irish with a Dutch sandwich structures. C) Overseeing transfer pricing between related entities. D) Implementing the Base Erosion and Profit Shifting (BEPS) project.", "are also significant aspects of international taxation."], "q": "Which of the following is a primary focus of international taxation? A) Determining the taxation of income earned abroad by individuals and corporations. B) Establishing tax havens and double Irish with a Dutch sandwich structures. C) Overseeing transfer pricing between related entities. D) Implementing the Base Erosion and Profit Shifting (BEPS) project.", "ans": 0}]}, {"name": "6.2 - Taxation of Financial Instruments", "expanded": false, "mcq": [{"options": ["Derivatives only", "Securities only", "Interest and dividends only", "All financial instruments"], "q": "Which financial instruments are typically subject to capital gains tax when sold at a profit?", "ans": 1}]}, {"name": "6.3 - Taxation of Real Estate", "expanded": false, "mcq": [{"options": ["Capital gains taxes only", "Mortgage interest taxes only", "Property taxes and personal property taxes", "Depreciation taxes only"], "q": "Which taxes are homeowners typically required to pay based on the value of their property?", "ans": 2}]}], "Unit 7: Taxation and Society": [{"name": "7.1 - Taxation and Economic Inequality", "expanded": false, "mcq": [{"options": ["Regressive taxation", "Progressive taxation", "Tax expenditures", "Sales taxes"], "q": "Which taxation system helps reduce economic inequality by redistributing income from the wealthy to the less affluent?", "ans": 1}]}, {"name": "7.2 - Taxation and Social Justice", "expanded": false, "mcq": [{"options": ["Progressive tax system where the rich pay a larger percentage of their income in taxes", "Flat tax system where everyone pays the same percentage of their income in taxes", "Sales tax system where taxes are levied on consumer purchases", "Property tax system where taxes are based on the value of one's property"], "q": "Which tax system is more likely to reduce income inequality and promote social justice, according to the information provided?", "ans": 0}]}, {"name": "7.3 - Taxation and Public Policy", "expanded": false, "mcq": [{"options": ["Funding public programs and services", "Minimizing economic distortions", "Encouraging savings and investment", "Addressing social issues"], "q": "Which of the following best describes the role of taxes in public policy?", "ans": 0}]}], "Unit 8: Taxation in the Global Economy": [{"name": "8.1 - International Taxation", "expanded": false, "mcq": [{"options": ["To establish tax residency for individuals and entities", "To prevent double taxation and promote tax cooperation between countries", "To determine the allocation of taxing rights between contracting parties", "To set transfer pricing rules for related party transactions"], "q": "Which of the following best describes the purpose of tax treaties in international taxation?", "ans": 1}]}, {"name": "8.2 - Taxation and Trade", "expanded": false, "mcq": [{"options": ["To generate revenue for the government", "To protect domestic industries from foreign competition", "To reduce the volume of trade", "To increase prices for consumers"], "q": "Which of the following is a primary objective of taxation on imports and exports (tariffs)?", "ans": 1}]}, {"name": "8.3 - Taxation and International Organizations", "expanded": false, "mcq": [{"options": ["Organisation for Economic Co-operation and Development (OECD)", "United Nations (UN)", "World Trade Organization (WTO)", "International Monetary Fund (IMF)"], "q": "Which international organization focuses primarily on promoting tax policies that contribute to sustainable development and reducing poverty in developing countries?", "ans": 1}]}], "Unit 9: Taxation and the Future": [{"name": "9.1 - Taxation and Technology", "expanded": false, "mcq": [{"options": ["Real-time tax reporting systems", "Electronic filing systems and digital signatures", "Automated tax calculation tools", "Advanced analytics and machine learning algorithms"], "q": "Which advancements in technology have had the greatest impact on modern taxation systems?", "ans": 3}]}, {"name": "9.2 - Taxation and the Environment", "expanded": false, "mcq": [{"options": ["To increase government revenue", "To discourage environmentally harmful activities", "To benefit certain industries at the expense of others", "To make renewable energy options less affordable"], "q": "Which of the following is a primary goal of environmental taxes and subsidies?", "ans": 1}]}, {"name": "9.3 - Taxation and Social Change", "expanded": false, "mcq": [{"options": ["Ancient Civilization", "Industrial Revolution", "20th Century", "Middle Ages"], "q": "Which historical period saw the introduction of progressive taxation and taxes on luxury goods as tools for social reform?", "ans": 1}]}]}