{"Unit 1: Introduction to Taxes": [{"name": "1.1 - Understanding Taxes", "expanded": false, "videos": "https://www.youtube.com/embed/Z2r_apNMTeM"}, {"name": "1.2 - Types of Taxes", "expanded": false, "videos": "https://www.youtube.com/embed/BX4erEJ1Lxc"}, {"name": "1.3 - Tax Structures", "expanded": false, "videos": "https://www.youtube.com/embed/zgnORhD-r9Q"}], "Unit 2: Federal Income Tax": [{"name": "2.1 - Individual Income Tax", "expanded": false, "videos": "https://www.youtube.com/embed/YYnw8V7axaA"}, {"name": "2.2 - Corporate Income Tax", "expanded": false, "videos": "https://www.youtube.com/embed/8FtnwbVAj1E"}, {"name": "2.3 - Taxation of Estates and Trusts", "expanded": false, "videos": "https://www.youtube.com/embed/QlrkcR5jA5Y"}], "Unit 3: State and Local Taxes": [{"name": "3.1 - Sales Tax", "expanded": false, "videos": "https://www.youtube.com/embed/yie2C6jg4_A"}, {"name": "3.2 - Property Tax", "expanded": false, "videos": "https://www.youtube.com/embed/vUnCyQGmE60"}, {"name": "3.3 - Payroll Tax", "expanded": false, "videos": "https://www.youtube.com/embed/aMRdOxmqwAk"}], "Unit 4: Tax Planning and Preparation": [{"name": "4.1 - Tax Ethics and Research", "expanded": false, "videos": "https://www.youtube.com/embed/anxb68ZepFA"}, {"name": "4.2 - Taxation of Businesses", "expanded": false, "videos": "https://www.youtube.com/embed/gp5Ec_XHCjI"}, {"name": "4.3 - Taxation of Individuals", "expanded": false, "videos": "https://www.youtube.com/embed/HGA69y_YgRE"}], "Unit 5: Tax Law and Policy": [{"name": "5.1 - Tax Legislation", "expanded": false, "videos": "https://www.youtube.com/embed/d-P9py2W8kk"}, {"name": "5.2 - Tax Administration", "expanded": false, "videos": "https://www.youtube.com/embed/SxWmCb3lvek"}, {"name": "5.3 - Tax Policy Analysis", "expanded": false, "videos": "https://www.youtube.com/embed/dWOjzjvFPf0"}], "Unit 6: Advanced Tax Topics": [{"name": "6.1 - International Taxation", "expanded": false, "videos": "https://www.youtube.com/embed/9vCWgxTZwio"}, {"name": "6.2 - Taxation of Financial Instruments", "expanded": false, "videos": "https://www.youtube.com/embed/aZ6hqcjPP98"}, {"name": "6.3 - Taxation of Real Estate", "expanded": false, "videos": "https://www.youtube.com/embed/IslRvH7vunU"}], "Unit 7: Taxation and Society": [{"name": "7.1 - Taxation and Economic Inequality", "expanded": false, "videos": "https://www.youtube.com/embed/cBNbU-6RhkM"}, {"name": "7.2 - Taxation and Social Justice", "expanded": false, "videos": "https://www.youtube.com/embed/4LcZrbJCI00"}, {"name": "7.3 - Taxation and Public Policy", "expanded": false, "videos": "https://www.youtube.com/embed/7Qtr_vA3Prw"}], "Unit 8: Taxation in the Global Economy": [{"name": "8.1 - International Taxation", "expanded": false, "videos": "https://www.youtube.com/embed/9vCWgxTZwio"}, {"name": "8.2 - Taxation and Trade", "expanded": false, "videos": "https://www.youtube.com/embed/9gwTH4Yme8I"}, {"name": "8.3 - Taxation and International Organizations", "expanded": false, "videos": "https://www.youtube.com/embed/9vCWgxTZwio"}], "Unit 9: Taxation and the Future": [{"name": "9.1 - Taxation and Technology", "expanded": false, "videos": "https://www.youtube.com/embed/pHqN6BSygIQ"}, {"name": "9.2 - Taxation and the Environment", "expanded": false, "videos": "https://www.youtube.com/embed/7Qtr_vA3Prw"}, {"name": "9.3 - Taxation and Social Change", "expanded": false, "videos": "https://www.youtube.com/embed/7Qtr_vA3Prw"}]}