{"Unit 1: Introduction to [Object Object]": [{"name": "1.1 - Fundamentals of [Object Object]", "expanded": false, "videos": "https://www.youtube.com/embed/m_MQYyJpIjg"}, {"name": "1.2 - Applications of [Object Object]", "expanded": false, "videos": "https://www.youtube.com/embed/t-phGBfPEZ4"}, {"name": "1.3 - Basic Concepts in [Object Object]", "expanded": false, "videos": "https://www.youtube.com/embed/m_MQYyJpIjg"}], "Unit 2: Advanced Concepts in [Object Object]": [{"name": "2.1 - Advanced Mathematics in [Object Object]", "expanded": false, "videos": "https://www.youtube.com/embed/9Qt664lfDRE"}, {"name": "2.2 - Advanced Physics in [Object Object]", "expanded": false, "videos": "https://www.youtube.com/embed/jhP4Tt_OpA0"}, {"name": "2.3 - Advanced Chemistry in [Object Object]", "expanded": false, "videos": "https://www.youtube.com/embed/9CKDQE35qXQ"}], "Unit 3: Applications of [Object Object]": [{"name": "3.1 - Engineering Applications of [Object Object]", "expanded": false, "videos": "https://www.youtube.com/embed/t-phGBfPEZ4"}, {"name": "3.2 - Medical Applications of [Object Object]", "expanded": false, "videos": "https://www.youtube.com/embed/t-phGBfPEZ4"}, {"name": "3.3 - Environmental Applications of [Object Object]", "expanded": false, "videos": "https://www.youtube.com/embed/t-phGBfPEZ4"}], "Unit 4: Research and Development in [Object Object]": [{"name": "4.1 - Research Methods in [Object Object]", "expanded": false, "videos": "https://www.youtube.com/embed/uLmdvseykQM"}, {"name": "4.2 - Data Analysis in [Object Object]", "expanded": false, "videos": "https://www.youtube.com/embed/LP2BJbRMWzs"}, {"name": "4.3 - Innovation in [Object Object]", "expanded": false, "videos": "https://www.youtube.com/embed/29UkkeFjG_o"}], "Unit 5: Professional Development in [Object Object]": [{"name": "5.1 - Career Opportunities in [Object Object]", "expanded": false, "videos": "https://www.youtube.com/embed/XTezsxFByMg"}, {"name": "5.2 - Professional Ethics in [Object Object]", "expanded": false, "videos": "https://www.youtube.com/embed/C14qtxFPqUc"}, {"name": "5.3 - Networking and Collaboration in [Object Object]", "expanded": false, "videos": "https://www.youtube.com/embed/6ndhQWPjbRw"}], "Unit 6: Capstone Project": [{"name": "6.1 - Project Planning and Execution", "expanded": false, "videos": "https://www.youtube.com/embed/xeIF_z56Sn8"}, {"name": "6.2 - Project Presentation and Evaluation", "expanded": false, "videos": "https://www.youtube.com/embed/RGLFn5GN6L8"}, {"name": "6.3 - Project Reflection and Future Directions", "expanded": false, "videos": "https://www.youtube.com/embed/I2UioplEAJA"}]}