{"Unit 1: Foundations of American History": {"1.1 - Pre-Columbian America": "Pre-Columbian America refers to the history and cultures that existed in the Americas before the arrival of Christopher Columbus in 1492. This period spans from approximately 14,000 BCE to 1492 CE and is marked by the development of diverse civilizations and cultures.\n\nThe Pre-Columbian era is divided into several stages based on archaeological evidence. The first stage is the Paleoindian period, during which early humans arrived in the Americas and adapted to the new environment. The Archaic period followed, during which small groups of people began to form more permanent settlements and develop agriculture.\n\nThe next stage is the Woodland period, during which the first complex societies emerged. The most notable of these were the Hopewell and Mississippians, who built large earthen mounds for religious and ceremonial purposes.\n\nThe final stage is the Formative period, during which several major civilizations developed. The Olmecs, Mayans, and Aztecs are among the most well-known of these civilizations. They developed writing systems, complex calendars, and sophisticated art and architecture.\n\nPre-Columbian Americans also developed advanced agricultural techniques, including the use of irrigation and terracing. They domesticated a variety of plants, including corn, beans, and squash, which formed the basis of their diets.\n\nDespite the many similarities between Pre-Columbian American cultures, there were also significant differences. Each civilization had its unique language, religious practices, and social structures. Understanding these differences is an important part of studying Pre-Columbian America.", "1.2 - European Exploration and Settlement": "European exploration and settlement of the United States is a significant subtopic in AP United States History, spanning from the late 15th century to the early 19th century. This era marked the beginning of European contact with Native American cultures and the gradual colonization of the American continent.\n\nThe first European explorers, led by Christopher Columbus in 1492, initially sought new trade routes to Asia but instead discovered the Americas. Over the next two centuries, various European powers, including Spain, France, England, and the Netherlands, established colonies along the eastern seaboard and the Gulf of Mexico.\n\nSpanish explorers, such as Hernando de Soto and Ponce de Leon, focused on exploring the southern regions, while the French, led by Jacques Cartier and Samuel de Champlain, settled in the northern areas, founding cities like Quebec and Montreal. The English, under the leadership of John Cabot, John Smith, and later, the Virginia Company, established the first permanent English settlement at Jamestown in 1607.\n\nEnglish colonization expanded rapidly, with the founding of Massachusetts Bay Colony in 1620, which attracted Puritan settlers seeking religious freedom. The Dutch established New Amsterdam, which later became New York City. The French and Indian War (1754-1763) marked the end of French influence in North America and solidified British control over the region.\n\nEuropean exploration and settlement brought significant cultural, social, and economic changes to the American continent. The introduction of European technologies, religions, and political systems had a profound impact on Native American cultures and the development of the United States.", "1.3 - The American Revolution": "The American Revolution, a pivotal event in AP United States History, took place from 1765 to 1783. This period marked the end of British rule in the thirteen American colonies and the beginning of the United States of America as an independent nation.\n\nThe revolution was sparked by growing tensions between the colonists and the British government over issues such as taxation without representation, the Quartering Acts, and the Stamp Act. These acts led to widespread protests, boycotts, and acts of violence, culminating in the Boston Tea Party in 1773.\n\nIn response, the British sent troops to quell the unrest, leading to the Battles of Lexington and Concord in 1775, which marked the beginning of armed conflict. The Continental Army, led by George Washington, fought a series of battles against the British, with key victories at Saratoga in 1777 and Yorktown in 1781.\n\nThe revolution was also influenced by international events, including the French and Indian War and the alliance between the American colonies and France. The Treaty of Paris in 1783 officially ended the war and recognized the United States as an independent nation.\n\nThe American Revolution had significant impacts on American society and politics, including the establishment of a new government based on the principles of democracy and individual rights. It also set the stage for the United States to become a world power."}, "Unit 2: The Colonial Period": {"2.1 - Colonial Society": "The Colonial Society is a significant subtopic within the AP United States History framework, representing the period from the late 15th century when Europeans first began exploring and settling the Americas until the end of the French and Indian War in 1763. During this time, various European powers, primarily England, Spain, France, and the Netherlands, established colonies in North America.\n\nColonial society was characterized by a complex interplay of European, indigenous, and African cultures. European settlers brought with them their political, economic, religious, and social structures, which evolved over time. For instance, the English established representative assemblies, while the Spanish created a feudal system based on land grants.\n\nRelations between Europeans and indigenous peoples varied greatly. Some colonies, such as Jamestown in Virginia, relied heavily on indigenous labor and trade. However, conflicts over land and resources often led to violence and displacement. The arrival of enslaved Africans in the late 17th century further complicated colonial society, as they were brought to work on plantations and contributed to the development of the Atlantic economy.\n\nColonial society also experienced significant demographic, economic, and social changes. Population growth, urbanization, and the emergence of a diverse economy based on agriculture, trade, and manufacturing set the stage for the development of the United States.\n\nUnderstanding the Colonial Society subtopic is crucial for AP US History students as it forms the foundation for the study of American history and the development of American institutions and values.", "2.2 - Colonial Economy": "The Colonial Economy is an essential subtopic in AP United States History that refers to the economic systems and trade practices that developed in the American colonies before the Revolution. This period, spanning from the late 15th century to the late 18th century, was characterized by the exploitation of natural resources and labor, primarily through the production of cash crops for export.\n\nThe British colonies in North America were primarily focused on agriculture, with tobacco, rice, indigo, and sugar being the major cash crops. The labor force was diverse, consisting of enslaved Africans, indentured servants, and Native Americans. The triangular trade system played a significant role in the colonial economy, with raw materials being shipped from the colonies to Europe, manufactured goods being sent from Europe to Africa, and enslaved Africans being transported from Africa to the colonies.\n\nThe economic relationship between the colonies and Britain was defined by mercantilism, a system that aimed to maximize a country's wealth by accumulating gold and silver. This meant that the colonies were required to trade primarily with Britain and to export raw materials and import finished goods. This system led to a significant imbalance of trade, with the colonies exporting more than they imported, leading to a large debt to Britain.\n\nThe colonial economy set the stage for the economic development of the United States after the Revolution. The production of cash crops and the exploitation of labor continued to be important in the post-Revolutionary period, with the emergence of new industries and the expansion of agriculture. The economic foundations laid during the colonial period continue to shape the American economy to this day.", "2.3 - Colonial Politics": "Colonial politics in AP United States History refers to the political developments and power dynamics between European colonial powers and the indigenous peoples and settlers in North America from the late 15th century to the late 18th century. This era was marked by intense competition among European powers for territorial control and resources, as well as the complex and often contentious relationships between Europeans and Native Americans.\n\nThe British colonies in North America, in particular, underwent significant political changes during this period. The English Crown asserted its authority over its colonies through a system of royal governors, who were responsible for enforcing British laws and maintaining order. However, the colonies also developed their own distinct political institutions, such as assemblies and town meetings, which gave settlers a degree of self-governance.\n\nThe relationship between the British Crown and its colonies was further complicated by the issue of representation in the British Parliament. Colonists demanded greater representation in the Parliament, arguing that they were taxed without representation. This led to a series of protests and political crises, including the Stamp Act Crisis of 1765 and the Boston Tea Party of 1773.\n\nMeanwhile, the relationship between European powers and Native Americans was characterized by a complex web of alliances, treaties, and conflicts. European powers sought to expand their territories and resources through trade and military conquest, often leading to clashes with Native American tribes. At the same time, some European powers, such as the French and the Spanish, formed alliances with Native American groups, which helped them to maintain their presence in the region.\n\nOverall, the colonial politics of AP United States History was a complex and dynamic period marked by intense competition for power and resources, as well as the complex and often contentious relationships between European powers, settlers, and Native Americans."}, "Unit 3: The Revolutionary Era": {"3.1 - The American Revolution": "The American Revolution, a pivotal event in AP United States History, took place from 1765 to 1783. This period marked the end of British rule in the thirteen American colonies and the beginning of the United States as an independent nation.\n\nThe revolution was sparked by growing tensions between the colonists and the British government over issues such as taxation without representation and the Quartering Act, which required colonists to house British soldiers in their homes. The Intolerable Acts of 1774, also known as the Coercive Acts, further fueled colonial resentment.\n\nKey events during the revolution include the Boston Tea Party in 1773, the signing of the Declaration of Independence on July 4, 1776, and the surrender at Yorktown in 1781, which effectively ended the war.\n\nThe revolution was not just a military conflict, but also a political and ideological one. The Founding Fathers, including Thomas Jefferson, John Adams, and Benjamin Franklin, drafted and adopted the United States Constitution, which established a federal government based on the principles of democracy, liberty, and the rule of law.\n\nThe American Revolution had far-reaching consequences, not only for the United States but also for the world. It set the stage for the spread of democratic ideals and the emergence of the United States as a global power.", "3.2 - The Constitution and the Bill of Rights": "In AP United States History, the Constitution and the Bill of Rights are foundational concepts. The Constitution is the supreme law of the United States, established in 1787. It created a federal system of government with three branches: legislative, executive, and judicial. The Constitution also outlined the powers of the federal government and the rights of the states and the people.\n\nThe Bill of Rights, the first ten amendments to the Constitution, was added in response to concerns that the federal government might infringe upon individual liberties. These amendments protect various fundamental rights, including freedom of speech, religion, press, assembly, and the right to bear arms. They also prohibit unreasonable searches and seizures, cruel and unusual punishment, and the establishment of a state religion. The Bill of Rights was a significant step in defining and protecting individual rights in the new American democracy.", "3.3 - Early National Politics": "The Early National Politics in AP United States History refers to the period between the end of the American Revolution in 1783 and the beginning of the War of 1812 in 1812. During this time, the newly independent United States faced numerous political challenges as it sought to establish a stable and effective government.\n\nThe Articles of Confederation, the first constitution of the United States, proved to be inadequate for governing the country. It lacked a strong central government and could not effectively regulate commerce or collect taxes. As a result, the Annapolis Convention was called in 1786 to discuss amendments to the Articles. However, it was soon realized that a new constitution was necessary.\n\nThe Constitutional Convention was held in Philadelphia in 1787, and the resulting United States Constitution established a federal system of government with a strong central government and a separation of powers. The Bill of Rights, the first ten amendments to the Constitution, were added in 1791 to protect individual liberties.\n\nThe early national politics were marked by the rise of political parties. The Federalist Party, led by Alexander Hamilton, supported a strong central government and a national bank. The Democratic-Republican Party, led by Thomas Jefferson, favored states' rights and a limited federal government.\n\nThe election of 1796 saw John Adams win the presidency, but Jefferson became vice president. In the election of 1800, Jefferson was elected president, marking the first peaceful transfer of power in American history. The early national politics also saw the Louisiana Purchase in 1803, which doubled the size of the United States.\n\nOverall, the early national politics were a time of political experimentation and growth as the United States established its political system and expanded its territory."}, "Unit 4: The Early Republic": {"4.1 - The Jeffersonian Era": "The Jeffersonian Era, named after Thomas Jefferson, the third President of the United States (1801-1809), was a period marked by a strong commitment to republican values, expansion of democracy, and a belief in limited government.\n\nJefferson's presidency was characterized by his deep belief in individual liberties and states' rights. He is best known for the Louisiana Purchase in 1803, which more than doubled the size of the United States. This acquisition set the stage for westward expansion and the eventual Manifest Destiny.\n\nDuring this era, the Democratic-Republican Party, which supported Jefferson, dominated American politics. The party was characterized by its commitment to republican values, such as limited government, states' rights, and individual liberties. The Federalist Party, which supported a stronger central government, began to decline during this period.\n\nJefferson's administration also saw the passage of several important pieces of legislation, including the Embargo Act of 1807, which aimed to restrict trade with European countries in response to their restrictions on American trade. The act ultimately failed, but it highlighted the growing tensions between the United States and European powers.\n\nThe Jeffersonian Era also saw the continuation of the French Revolution's influence on American politics, with many Americans expressing support for the revolution's ideals of liberty and equality. However, Jefferson and other American leaders were careful to distinguish the American Revolution from the French Revolution, emphasizing the importance of order and stability in the new republic.\n\nOverall, the Jeffersonian Era was a period of significant growth and change in American history, marked by a commitment to republican values, expansion of democracy, and a belief in limited government.", "4.2 - The Era of Good Feelings": "The Era of Good Feelings, spanning from 1815 to 1825, was a period of relative peace and unity in the United States following the War of 1812. Named by historian Arthur Schlesinger Sr., this era was marked by a sense of optimism and national pride.\n\nDuring this time, the Republican Party, led by James Monroe, held the presidency. Monroe's election in 1816 was marked by a unified electorate, with all but one electoral vote going to him. This was the first time since George Washington's election that there was no contested election.\n\nEconomically, the United States experienced a period of growth. The Second Bank of the United States was established in 1816, providing a stable financial system. Agricultural production increased, and the country began to export more goods, leading to an expansion of the economy.\n\nCulturally, this era was marked by a sense of national identity. The Star-Spangled Banner, written by Francis Scott Key during the War of 1812, became a popular patriotic song. The construction of the Chesapeake and Ohio Canal began in 1825, connecting the Ohio River to the Chesapeake Bay and boosting trade and transportation.\n\nHowever, despite the optimistic atmosphere, tensions were brewing beneath the surface. The issue of states' rights and the balance of power between the federal government and the states would come to a head in the 1820s and 1830s, leading to the nullification crisis and ultimately the Civil War.\n\nIn summary, the Era of Good Feelings was a period of relative peace and prosperity in the United States following the War of 1812. It was marked by a sense of national pride and optimism, as well as economic growth and cultural developments. However, underlying tensions would eventually lead to greater conflict in the years to come.", "4.3 - The Jacksonian Era": "The Jacksonian Era, spanning from the early 1820s to the mid-1840s, is a significant period in American history under the presidency of Andrew Jackson. This era is marked by several key developments that shaped the United States politically, socially, and economically.\n\nPolitically, Jacksonian democracy emerged, which emphasized the power of the common man. Jackson himself was a war hero and a populist, who won the popular vote in all of his elections. He expanded the power of the presidency and implemented the \"spoils system,\" which allowed him to reward his supporters with government jobs.\n\nSocially, the Jacksonian Era saw the forced removal of Native Americans from their lands through the Indian Removal Act of 1830. This led to the infamous Trail of Tears, resulting in the deaths of thousands of Native Americans. Additionally, the era saw the rise of women's rights activism, with figures like Elizabeth Cady Stanton and Lucretia Mott beginning to advocate for women's suffrage.\n\nEconomically, the Jacksonian Era was characterized by a period of economic growth and expansion. The Second Bank of the United States was opposed by Jackson, who believed it favored the wealthy. Instead, he supported state banks and the \"hard money\" policy, which led to an increase in the availability of credit and economic growth.\n\nOverall, the Jacksonian Era was a period of significant change in American history, marked by the rise of populism, the expansion of presidential power, and the forced removal of Native Americans, among other developments."}, "Unit 5: Antebellum America": {"5.1 - Economic and Social Change": "The Economic and Social Change topic in AP United States History encompasses the transformative periods in American history that significantly impacted the nation's economic structure and social fabric. This includes the Industrial Revolution, the Gilded Age, the Progressive Era, the New Deal, and the Post-World War II Era.\n\nDuring the Industrial Revolution (1790-1860), the economy shifted from an agrarian one to an industrial one, with the rise of factories, mass production, and labor movements. The Gilded Age (1870-1900) saw the emergence of big business, industrialization, and rapid urbanization, but also widespread poverty and inequality.\n\nThe Progressive Era (1890-1920) aimed to address these issues through reforms such as the direct primary, initiative, referendum, and recall. The New Deal (1933-1940) was a response to the Great Depression, with programs like the Civilian Conservation Corps, the Works Progress Administration, and Social Security.\n\nPost-World War II Era (1945-1960) brought about a consumer society, with the rise of suburbs, interstate highways, and the baby boom. However, this period also saw the Civil Rights Movement and the struggle for racial equality.\n\nThese transformative periods brought about significant economic and social changes, shaping the United States into the nation it is today. Understanding these eras is crucial for AP US History exams, as they will likely test your knowledge of the causes, effects, and continuities of these periods.", "5.2 - Sectionalism and the Antebellum Period": "Sectionalism during the Antebellum Period in AP US History refers to the growing divide between the Northern and Southern regions of the United States over economic, social, and political issues. This period, spanning from the late 18th century to the outbreak of the Civil War in 1861, saw the expansion of the United States through the acquisition of new territories, which led to intense debates over slavery and states' rights.\n\nThe Northern states, with their industrial economy and growing population, favored protectionist tariffs to shield domestic industries from foreign competition. In contrast, the Southern states, with their agricultural economy heavily reliant on slave labor, advocated for free trade to maintain access to foreign markets for their raw materials. This economic divide fueled tensions between the regions.\n\nSocial differences also contributed to sectionalism. The North was becoming increasingly urbanized and socially diverse, while the South remained largely agrarian and socially homogeneous. The issue of slavery further deepened the divide, with the North pushing for its abolition and the South vehemently opposing any interference with their \"institution.\"\n\nPolitical power struggles also played a role in sectionalism. The balance of power between the North and South in Congress and the presidency led to frequent political deadlocks and compromises, fueling resentment and distrust between the regions.\n\nIn summary, sectionalism during the Antebellum Period was characterized by growing economic, social, and political differences between the Northern and Southern regions of the United States. These differences ultimately contributed to the tensions that led to the Civil War.", "5.3 - The Road to Civil War": "The Road to Civil War in AP United States History refers to the series of events leading up to the American Civil War, which took place from 1852 to 1861. This period was marked by deepening divisions between the Northern and Southern states over issues of states' rights, slavery, and economic interests.\n\nThe Compromise of 1850, which included the Fugitive Slave Act, attempted to address these tensions but instead fueled further animosity. The election of Abraham Lincoln in 1860, who was opposed to the expansion of slavery, was the final straw for many Southern states. In response, seven Southern states seceded from the Union, forming the Confederate States of America.\n\nThe Road to Civil War also includes significant events such as the Dred Scott decision, which ruled that African Americans could not be considered citizens and therefore had no rights to sue in federal court. This decision further inflamed tensions and solidified the divide between the North and South.\n\nAdditionally, the economic differences between the North and South played a significant role in the lead-up to the Civil War. The North's industrial economy relied on wage labor, while the South's agricultural economy relied on slave labor. These differing economic interests led to increasing tensions and a growing sense of disunity between the two regions.\n\nOverall, the Road to Civil War in AP United States History is a complex and multifaceted topic that encompasses issues of states' rights, slavery, economic interests, and political tensions. It is marked by a series of events that deepened the divide between the North and South and ultimately led to the American Civil War."}, "Unit 6: The Civil War and Reconstruction": {"6.1 - The Civil War": "The American Civil War, a significant subtopic in AP United States History, was a pivotal moment in the nation's history from 1861 to 1865. This internal conflict arose primarily from long-standing sectional differences and questions not fully resolved when the United States Constitution was ratified in 1789, including states' rights and slavery.\n\nThe election of Abraham Lincoln as President in 1860, who was against the expansion of slavery, intensified tensions between the Northern and Southern states. Seven Southern states seceded from the Union, forming the Confederate States of America. The first major battle was the First Battle of Bull Run in July 1861, which was a Confederate victory and a shock to the North.\n\nThe war saw significant military strategies, such as the Emancipation Proclamation in 1863, which declared slaves in Confederate territory to be free, and the Union's total war strategy, which targeted civilian and military infrastructure. Key battles include Antietam, Gettysburg, and Appomattox Court House.\n\nThe Civil War resulted in the abolition of slavery with the passage of the Thirteenth Amendment in 1865. It also led to the reunification of the country and the strengthening of the federal government. The war had profound social, political, and economic consequences, shaping the United States into the modern nation it is today.", "6.2 - Reconstruction": "The AP United States History course covers the political, social, economic, and cultural developments of the United States from pre-Columbian times to the present. The focus is on analyzing historical sources and interpreting their significance, developing historical arguments, and making connections between past and present.\n\nThe course is divided into several major periods:\n\n1. Pre-Columbian Era to 1607: The arrival of Europeans and the establishment of the first permanent English settlement at Jamestown.\n2. Colonial Period (1607-1754): The growth of the British colonies, including the development of economic systems, religious diversity, and the emergence of distinct regional identities.\n3. Revolutionary Era (1754-1800): The causes and consequences of the American Revolution, including the writing and ratification of the U.S. Constitution.\n4. Early National Period (1800-1877): The expansion of the United States, the growth of industry and agriculture, and the emergence of sectionalism and political parties.\n5. Industrialization and Reform (1877-1914): The rise of industrialization, urbanization, and the Progressive Era, which saw reforms in areas such as labor, women's suffrage, and politics.\n6. The Modern Era (1914-Present): The impact of World War I and II, the Civil Rights Movement, and contemporary issues such as technology, globalization, and the environment.\n\nThroughout the course, students will learn to use primary and secondary sources, analyze historical documents, and write historical essays. They will also develop skills in historical interpretation, argumentation, and analysis.", "6.3 - The End of Reconstruction": "The Reconstruction era in United States history, which lasted from 1865 to 1877, was a critical period following the Civil War as the nation worked to rebuild the South and reintegrate formerly enslaved people into society. However, this process was not smooth, and tensions between the North and South, as well as among different groups within each region, led to significant challenges.\n\nBy 1877, the Reconstruction period had effectively ended. Several factors contributed to this, including the Compromise of 1877, which saw Rutherford B. Hayes become president in exchange for federal troops being withdrawn from the South. This marked the end of federal efforts to enforce Reconstruction policies, allowing Southern states to enact laws that disenfranchised African Americans and reinstated white supremacy.\n\nThe end of Reconstruction had profound consequences for African Americans. They faced increased violence, disenfranchisement, and segregation, which persisted for decades and contributed to the Jim Crow era. The period also saw the rise of the \"Lost Cause\" mythology, which romanticized the Confederacy and downplayed the role of slavery in the Civil War.\n\nDespite these challenges, Reconstruction also brought about significant progress. Freedpeople gained legal rights, established schools, and formed communities. The period saw the passage of important legislation, such as the Civil Rights Act of 1866 and the Fourteenth Amendment, which granted citizenship and equal protection under the law to all Americans, regardless of race.\n\nIn summary, the end of Reconstruction marked a turning point in United States history, as the nation retreated from efforts to fully implement the promises of equality and citizenship for African Americans. The consequences of this period continue to shape American society today."}, "Unit 7: The Rise of Industrial America": {"7.1 - Industrialization": "Industrialization in the context of AP United States History refers to the period between the 1870s and the early 20th century when the American economy shifted from being primarily agrarian and agricultural-based to one dominated by industry and manufacturing. This transformation was driven by several factors, including the availability of abundant natural resources, the expansion of transportation networks, and the rise of new technologies.\n\nDuring this period, the country saw the growth of large-scale industries such as steel, coal, and textiles. The use of new technologies, such as the assembly line and the electric light bulb, increased productivity and efficiency. The labor force also shifted from being primarily rural and agricultural to being urban and industrial.\n\nThe industrialization process had significant social and economic consequences. It led to the growth of large cities, the emergence of a new urban working class, and the expansion of consumer culture. It also resulted in increased income inequality, as well as new forms of social and political unrest, such as labor strikes and the rise of organized labor.\n\nIndustrialization also had a profound impact on American foreign policy. The country's growing industrial might made it a major global power, and it began to assert its influence on the world stage through diplomacy and military force.\n\nOverall, the industrialization of the United States was a complex and multifaceted process that had far-reaching consequences for American society, politics, and foreign relations. It remains an important topic of study in AP United States History and beyond.", "7.2 - Urbanization": "Urbanization is a significant subtopic within the AP United States History framework, particularly during the late 19th and early 20th centuries. Urbanization refers to the process of populations moving from rural areas to cities, leading to the growth and development of urban centers.\n\nIn the United States, urbanization was fueled by industrialization and the shift from agrarian economies to manufacturing ones. The lure of employment opportunities in factories attracted large numbers of immigrants, who came from Europe and other parts of the world. Cities like New York, Chicago, and Boston experienced rapid growth, with populations increasing dramatically.\n\nUrbanization brought about numerous social and economic changes. Cities became centers of commerce and culture, with new industries, businesses, and institutions emerging. However, urban living conditions were often poor, with overcrowding, pollution, and inadequate sanitation leading to health issues and social problems.\n\nThe urban experience also shaped American politics and society. Cities became important political and cultural centers, with urban elites and working-class populations influencing national policies and debates. The Progressive Era, which emerged in response to urban issues, saw the rise of reform movements aimed at addressing social and political problems in cities.\n\nUrbanization also had significant impacts on American culture, with new forms of art, literature, and music emerging in urban centers. The urban experience influenced American identity and shaped the country's social and political landscape in profound ways.\n\nOverall, urbanization is a crucial subtopic within AP United States History, highlighting the social, economic, and political changes that accompanied the growth and development of American cities.", "7.3 - The Progressive Era": "The Progressive Era in AP United States History refers to a period of social activism and political reforms that took place from the 1890s to the 1920s. This era was marked by a growing awareness of social and economic problems, particularly in urban areas, and a call for government intervention to address these issues.\n\nOne of the key areas of reform during the Progressive Era was in politics. Reforms included the direct primary system, which allowed voters to choose their party nominees instead of party bosses, and initiatives and referendums, which gave voters the power to pass laws directly.\n\nAnother major area of reform was in social welfare. Progressives advocated for the establishment of social safety nets, such as workers' compensation laws, unemployment insurance, and old-age pensions. They also worked to improve public health and sanitation, and to address issues of child labor and women's suffrage.\n\nProgressives also focused on reforming business practices. They advocated for regulations to protect consumers and workers, such as food safety laws, minimum wage laws, and child labor laws. They also worked to break up monopolies and promote competition.\n\nOverall, the Progressive Era was a time of significant social and political change in the United States. It marked a shift towards a more activist role for government in addressing social and economic problems, and laid the groundwork for many of the reforms and regulations that are still in place today."}, "Unit 8: The Modern Era": {"8.1 - World War I": "World War I, also known as the Great War, was a major global conflict from 1914 to 1918. The United States entered the war in 1917, following a series of events that included German unrestricted submarine warfare against American ships and the interception of the Zimmermann Telegram, which proposed a military alliance between Germany and Mexico.\n\nThe war had significant impacts on the United States. Drafted soldiers left their homes and families to fight abroad, leading to a labor shortage that was filled by women and immigrants. The war also led to increased federal power and spending, as well as the expansion of the federal income tax.\n\nOn the home front, the war effort was supported by various organizations, including the Committee on Public Information and the American Red Cross. Propaganda was used extensively to build support for the war and to demonize the enemy.\n\nThe United States played a crucial role in the final victory of the Allies. In 1918, American troops helped to turn the tide of the war with their successful offensives in France. The Treaty of Versailles, which ended the war, imposed heavy reparations on Germany and redrew the map of Europe.\n\nThe aftermath of the war saw the rise of the Red Scare, a period of fear and suspicion of communism in the United States. The war also led to increased calls for disarmament and the establishment of the League of Nations, an international organization aimed at preventing future wars.\n\nOverall, World War I was a transformative event in American history, with far-reaching impacts on politics, society, and culture.", "8.2 - The Roaring Twenties": "The Roaring Twenties, also known as the Jazz Age, was a period of significant cultural and social change in the United States between the end of World War I in 1919 and the stock market crash in 1929. This era was marked by economic prosperity, cultural dynamism, and a sense of rebellion against traditional values.\n\nEconomically, the Roaring Twenties saw a boom in industrial production, mass consumerism, and a growing middle class. The economy was fueled by the expansion of industries such as automobiles, radio, and film. This led to an increase in consumer goods and a rise in leisure activities, such as dancing, sports, and traveling.\n\nSocially, the Roaring Twenties were characterized by a shift towards modernity and a rejection of Victorian values. Women gained more freedom and independence, as they entered the workforce in greater numbers and gained the right to vote. The era also saw the rise of jazz music, flapper fashion, and speakeasies, which challenged traditional norms and values.\n\nPolitically, the Roaring Twenties were marked by a period of relative stability and prosperity, but also by growing tensions and issues, such as the Ku Klux Klan's resurgence, Prohibition, and the Red Scare. Despite these challenges, the Roaring Twenties remain a significant period in American history, marked by economic growth, cultural innovation, and a sense of excitement and rebellion.", "8.3 - The Great Depression": "The Great Depression, a significant subtopic in AP United States History, refers to the severe economic downturn that lasted from 1929 to 1939. This period was marked by high unemployment rates, widespread poverty, and falling agricultural prices.\n\nThe causes of the Great Depression are complex and multifaceted. One major factor was the stock market crash of 1929, which led to a loss of investor confidence and a subsequent decline in stock prices. Another cause was the overproduction of agricultural goods, which led to low prices and financial instability for farmers.\n\nThe effects of the Great Depression were far-reaching. Millions of Americans lost their jobs, and many were forced to live in poverty. The government responded with various programs, including the New Deal, which provided relief through public works projects, social security, and other initiatives.\n\nThe Great Depression also had significant impacts on American society and politics. It led to a growing sense of disillusionment with the capitalist system and a rise in support for leftist and populist political movements. It also paved the way for the United States' eventual entry into World War II, which helped to bring about an economic recovery.\n\nOverall, the Great Depression was a defining moment in American history, one that shaped the country's economic, political, and social landscape for decades to come."}, "Unit 9: Post-World War II America": {"9.1 - Post-War America": "Post-War America in AP United States History refers to the period between 1945 and 1975, marked by significant social, economic, and political transformations. The end of World War II brought about a sense of optimism and prosperity, fueled by the country's victory and the onset of the Cold War.\n\nEconomically, the United States experienced a boom in consumerism, with the rise of suburbanization and the expansion of the middle class. The GI Bill provided education and home loans to veterans, leading to an increase in homeownership and higher education enrollment. The interstate highway system was established, making car ownership and travel more accessible.\n\nSocially, the post-war era saw the civil rights movement gain momentum. The Montgomery Bus Boycott in 1955 and the March on Washington for Jobs and Freedom in 1963 were pivotal moments in the fight for racial equality. The feminist movement also gained traction, with figures like Betty Friedan and Gloria Steinem advocating for women's rights.\n\nPolitically, the United States faced the challenges of the Cold War and the rise of communism. The McCarthy Era, named after Senator Joseph McCarthy, saw a period of intense anti-communist sentiment and investigations. Domestically, the New Deal coalition began to fracture, leading to the realignment of political parties and the rise of the conservative movement.\n\nOverall, the post-war era in American history was marked by significant social, economic, and political changes that continue to shape the country today.", "9.2 - The Civil Rights Movement": "The Civil Rights Movement was a pivotal period in American history, spanning from the late 1940s to the 1960s, during which African Americans fought for equal rights under the law. This era was marked by numerous protests, legal battles, and legislative achievements.\n\nKey figures like Martin Luther King Jr., Rosa Parks, Malcolm X, and Thurgood Marshall played significant roles in the movement. The Montgomery Bus Boycott, sparked by Rosa Parks' refusal to give up her seat on a bus, was a major turning point. The boycott lasted over a year and led to the desegregation of Montgomery's buses.\n\nThe Civil Rights Act of 1964, a landmark legislation, prohibited discrimination based on race, color, religion, sex, or national origin. It outlawed segregation in schools, workplaces, and public places. The Voting Rights Act of 1965 further protected the right to vote for African Americans by prohibiting discriminatory voting practices.\n\nNonviolent protests, such as sit-ins, freedom rides, and marches, were common tactics used during the Civil Rights Movement. These protests led to increased public awareness and pressure on the government to enact change. The movement also faced significant opposition, including violent attacks on peaceful protesters and the use of police force.\n\nThe Civil Rights Movement not only led to legal changes but also shifted societal attitudes towards racial equality. It paved the way for further progress in civil rights and social justice.", "9.3 - The Vietnam War": "The Vietnam War, a significant subtopic in AP United States History, was an armed conflict that took place from 1955 to 1975. The war began when the United States started providing military advisors to South Vietnam to counter the communist threat from North Vietnam and its allies.\n\nThe roots of the conflict can be traced back to World War II, when the French reclaimed Indochina. After World War II, the Viet Minh, a nationalist and communist movement, sought to unify Vietnam under a single government. The French were eventually defeated, leading to the Geneva Accords of 1954, which divided Vietnam into North and South.\n\nThe United States became increasingly involved in the region during the 1950s and 1960s, with President John F. Kennedy sending military advisors in 1961. President Lyndon B. Johnson escalated the conflict with the Gulf of Tonkin Resolution in 1964, which gave him the authority to use military force in Vietnam without a formal declaration of war.\n\nThe war was marked by intense fighting, including the Tet Offensive in 1968, which shocked the American public with its brutal violence. The war also saw significant protests against the conflict, with many Americans questioning the morality and strategic value of the war.\n\nThe war ended in 1975 with the fall of Saigon to North Vietnamese forces. The Vietnam War had a profound impact on American society, leading to a reevaluation of American foreign policy and a renewed focus on diplomacy and peace. The war also left a lasting legacy in Vietnam, shaping the country's political and social landscape for decades to come."}, "Unit 10: Contemporary America": {"10.1 - The Cold War": "The Cold War was a geopolitical tension between the United States and the Soviet Union after World War II, marked by mutual distrust, political and military competition, and the threat of nuclear war. Lasting from approximately 1947 to 1991, this period saw a global struggle for ideological and political influence between capitalism and communism.\n\nThe Truman Doctrine (1947) and the Marshall Plan (1948) were key U.S. policies that aimed to contain the spread of communism. In response, the Soviet Union established the Eastern European Socialist Bloc and the Warsaw Pact in 1955. The Berlin Blockade and Airlift (1948-1949) and the Korean War (1950-1953) further escalated tensions.\n\nThe Space Race, which began in 1957 with the Soviet Union's launch of Sputnik 1, symbolized the technological competition between the two superpowers. The Cuban Missile Crisis in 1962, the closest the world came to nuclear war, demonstrated the dangerous stakes of the Cold War.\n\nDetente, a period of easing tensions, began in the late 1960s and continued through the 1970s. The Strategic Arms Limitation Talks (SALT) I and II treaties were signed in 1972 and 1979, respectively, to limit the production of nuclear weapons.\n\nThe fall of the Soviet Union in 1991 marked the end of the Cold War. This period significantly shaped global politics, military strategies, and international relations. The legacy of the Cold War continues to influence contemporary international affairs.", "10.2 - The 1960s and 1970s": "The 1960s and 1970s in AP United States History is a period of significant social, political, and cultural transformation. This era, often referred to as the \"Long Sixties,\" was marked by civil rights movements, political upheaval, and the rise of counterculture.\n\nCivil Rights: The 1960s saw the peak of the Civil Rights Movement. Key events include the Montgomery Bus Boycott (1955-1956), the March on Washington for Jobs and Freedom (1963), and the passage of the Civil Rights Act of 1964 and the Voting Rights Act of 1965. These events challenged racial segregation and discrimination, leading to greater equality for African Americans.\n\nPolitical Upheaval: The 1960s and 1970s were also marked by political turmoil. The Vietnam War (1955-1975) was a major source of controversy, with growing opposition to U.S. involvement. The Watergate Scandal (1972-1974) further eroded public trust in government.\n\nCounterculture: The 1960s and 1970s also saw the rise of counterculture movements. The Beat Generation (1950s-1960s) paved the way for the hippie movement (1960s-1970s), which emphasized peace, love, and individual freedom. The feminist movement (1960s-present) challenged gender roles and advocated for women's rights.\n\nEconomically, the United States experienced a period of growth and prosperity, with the rise of the middle class and the expansion of consumer culture. However, this prosperity was not evenly distributed, leading to growing income inequality and social unrest.\n\nOverall, the 1960s and 1970s were a time of significant change and upheaval in American history, with far-reaching impacts on social, political, and cultural norms.", "10.3 - The Modern Era": "The Modern Era of AP United States History, typically spanning from the late 19th century to the present day, is a rich and complex period marked by significant political, social, and cultural transformations. This era saw the expansion of the United States as a global power, the struggle for civil rights and social justice, and the rise of technological innovations that have shaped modern life.\n\nKey events during this period include the Spanish-American War, the Progressive Era, the New Deal, the Civil Rights Movement, and the Digital Revolution. The Spanish-American War marked the end of the colonial era and the beginning of the United States as a global power. The Progressive Era brought about reforms aimed at addressing social and political issues, such as women's suffrage and the establishment of the Federal Reserve System. The New Deal, implemented during the Great Depression, provided relief and employment opportunities for millions of Americans. The Civil Rights Movement, led by figures such as Martin Luther King Jr., fought for equal rights for African Americans and other marginalized groups. The Digital Revolution, which began in the late 20th century, transformed communication and information technology, leading to the modern world we live in today.\n\nThis era also saw the emergence of significant cultural movements, such as the Harlem Renaissance, the Beat Generation, and the counterculture movement of the 1960s. These movements challenged social norms and paved the way for greater artistic and intellectual freedom.\n\nOverall, the Modern Era of AP United States History is a fascinating and dynamic period that continues to shape our world today. It is marked by significant political, social, and cultural transformations, and provides valuable insights into the complexities of American history."}}