{"Unit 1: Foundations of American History": [{"name": "1.1 - Pre-Columbian America", "expanded": false, "videos": "https://www.youtube.com/embed/Yipm-Be3uFQ"}, {"name": "1.2 - European Exploration and Settlement", "expanded": false, "videos": "https://www.youtube.com/embed/wOclF9eP5uM"}, {"name": "1.3 - The American Revolution", "expanded": false, "videos": "https://www.youtube.com/embed/HlUiSBXQHCw"}], "Unit 2: The Colonial Period": [{"name": "2.1 - Colonial Society", "expanded": false, "videos": "https://www.youtube.com/embed/b10N3LAkdkg"}, {"name": "2.2 - Colonial Economy", "expanded": false, "videos": "https://www.youtube.com/embed/Plco5PngFWM"}, {"name": "2.3 - Colonial Politics", "expanded": false, "videos": "https://www.youtube.com/embed/F6HbzbkKaB4"}], "Unit 3: The Revolutionary Era": [{"name": "3.1 - The American Revolution", "expanded": false, "videos": "https://www.youtube.com/embed/1EMkWD0hr5E"}, {"name": "3.2 - The Constitution and the Bill of Rights", "expanded": false, "videos": "https://www.youtube.com/embed/ieUX_XcUD2U"}, {"name": "3.3 - Early National Politics", "expanded": false, "videos": "https://www.youtube.com/embed/gmKiiBOgUaw"}], "Unit 4: The Early Republic": [{"name": "4.1 - The Jeffersonian Era", "expanded": false, "videos": "https://www.youtube.com/embed/iOwKd48xRas"}, {"name": "4.2 - The Era of Good Feelings", "expanded": false, "videos": "https://www.youtube.com/embed/3565OiiAmNA"}, {"name": "4.3 - The Jacksonian Era", "expanded": false, "videos": "https://www.youtube.com/embed/J1CRp6iVJg4"}], "Unit 5: Antebellum America": [{"name": "5.1 - Economic and Social Change", "expanded": false, "videos": "https://www.youtube.com/embed/j9nPnywxWWQ"}, {"name": "5.2 - Sectionalism and the Antebellum Period", "expanded": false, "videos": "https://www.youtube.com/embed/6LXwmzNBrhg"}, {"name": "5.3 - The Road to Civil War", "expanded": false, "videos": "https://www.youtube.com/embed/roNmeOOJCDY"}], "Unit 6: The Civil War and Reconstruction": [{"name": "6.1 - The Civil War", "expanded": false, "videos": "https://www.youtube.com/embed/LLTQpjAbTfU"}, {"name": "6.2 - Reconstruction", "expanded": false, "videos": "https://www.youtube.com/embed/Go3G7Qu9Pk8"}, {"name": "6.3 - The End of Reconstruction", "expanded": false, "videos": "https://www.youtube.com/embed/wmmyPpWGK28"}], "Unit 7: The Rise of Industrial America": [{"name": "7.1 - Industrialization", "expanded": false, "videos": "https://www.youtube.com/embed/TTtYVeHrEe0"}, {"name": "7.2 - Urbanization", "expanded": false, "videos": "https://www.youtube.com/embed/xK7xSfnXt7U"}, {"name": "7.3 - The Progressive Era", "expanded": false, "videos": "https://www.youtube.com/embed/0re-kW3fjdc"}], "Unit 8: The Modern Era": [{"name": "8.1 - World War I", "expanded": false, "videos": "https://www.youtube.com/embed/h5uaC5Ej4jI"}, {"name": "8.2 - The Roaring Twenties", "expanded": false, "videos": "https://www.youtube.com/embed/VfOR1XCMf7A"}, {"name": "8.3 - The Great Depression", "expanded": false, "videos": "https://www.youtube.com/embed/GCQfMWAikyU"}], "Unit 9: Post-World War II America": [{"name": "9.1 - Post-War America", "expanded": false, "videos": "https://www.youtube.com/embed/8o3t0f217lo"}, {"name": "9.2 - The Civil Rights Movement", "expanded": false, "videos": "https://www.youtube.com/embed/URxwe6LPvkM"}, {"name": "9.3 - The Vietnam War", "expanded": false, "videos": "https://www.youtube.com/embed/2DjH7IiO10g"}], "Unit 10: Contemporary America": [{"name": "10.1 - The Cold War", "expanded": false, "videos": "https://www.youtube.com/embed/z6THwql5c6w"}, {"name": "10.2 - The 1960s and 1970s", "expanded": false, "videos": "https://www.youtube.com/embed/gTS4kuWT9lE"}, {"name": "10.3 - The Modern Era", "expanded": false, "videos": "https://www.youtube.com/embed/KoXyzkM4ni4"}]}