{"Unit 1: Limits and Continuity": [{"name": "1.1 - Introduction to Limits", "expanded": false, "videos": "https://www.youtube.com/embed/gp5efC2n0iM"}, {"name": "1.2 - Properties of Limits", "expanded": false, "videos": "https://www.youtube.com/embed/VSqOZNULRjQ"}, {"name": "1.3 - Continuity of Functions", "expanded": false, "videos": "https://www.youtube.com/embed/OEE5-M4aY4k"}, {"name": "1.4 - Asymptotes and Limits at Infinity", "expanded": false, "videos": "https://www.youtube.com/embed/sjLFl7Z8W_I"}, {"name": "1.5 - Squeeze Theorem and Intermediate Value Theorem", "expanded": false, "videos": "https://www.youtube.com/embed/9wEHwFrUyOU"}], "Unit 2: Differentiation: Definition and Fundamental Properties": [{"name": "2.1 - Defining Derivatives", "expanded": false, "videos": "https://www.youtube.com/embed/-aTLjoDT1GQ"}, {"name": "2.2 - Differentiation Rules", "expanded": false, "videos": "https://www.youtube.com/embed/RXQXTJ-P3Oc"}, {"name": "2.3 - Differentiating Elementary Functions", "expanded": false, "videos": "https://www.youtube.com/embed/AdLAkD-r9Rs"}, {"name": "2.4 - Differentiation Techniques", "expanded": false, "videos": "https://www.youtube.com/embed/h7-D3gi2lL8"}, {"name": "2.5 - Applications of Differentiation", "expanded": false, "videos": "https://www.youtube.com/embed/XMmbd7zc-fg"}], "Unit 3: Differentiation: Composite, Implicit, and Inverse Functions": [{"name": "3.1 - Chain Rule", "expanded": false, "videos": "https://www.youtube.com/embed/1w6t_LkyJFU"}, {"name": "3.2 - Implicit Differentiation", "expanded": false, "videos": "https://www.youtube.com/embed/qCkUfBiWeX8"}, {"name": "3.3 - Higher-Order Derivatives", "expanded": false, "videos": "https://www.youtube.com/embed/s7rd9YPJrNc"}, {"name": "3.4 - Differentiating Higher-Order Functions", "expanded": false, "videos": "https://www.youtube.com/embed/s7rd9YPJrNc"}, {"name": "3.5 - Applications of Differentiation", "expanded": false, "videos": "https://www.youtube.com/embed/PEqCa0U77mc"}], "Unit 4: Applications of Derivatives": [{"name": "4.1 - Optimization", "expanded": false, "videos": "https://www.youtube.com/embed/0YzdcaxCc4c"}, {"name": "4.2 - Related Rates", "expanded": false, "videos": "https://www.youtube.com/embed/MPdWLi2QfTU"}, {"name": "4.3 - Motion in One and Two Dimensions", "expanded": false, "videos": "https://www.youtube.com/embed/On5DpeGQ89I"}, {"name": "4.4 - Optimization and Related Rates", "expanded": false, "videos": "https://www.youtube.com/embed/6ACJbKuYIfk"}, {"name": "4.5 - Applications of Derivatives", "expanded": false, "videos": "https://www.youtube.com/embed/a1KjKz5jw8w"}], "Unit 5: Integration and Accumulation of Change": [{"name": "5.1 - Definite Integrals", "expanded": false, "videos": "https://www.youtube.com/embed/6ACJbKuYIfk"}, {"name": "5.2 - Fundamental Theorem of Calculus", "expanded": false, "videos": "https://www.youtube.com/embed/MPdWLi2QfTU"}, {"name": "5.3 - Applications of Definite Integrals", "expanded": false, "videos": "https://www.youtube.com/embed/16aKF_eDGdw"}, {"name": "5.4 - Accumulation of Change", "expanded": false, "videos": "https://www.youtube.com/embed/cgDBFQ9GkZw"}, {"name": "5.5 - Applications of Definite Integrals", "expanded": false, "videos": "https://www.youtube.com/embed/16aKF_eDGdw"}], "Unit 6: Differential Equations": [{"name": "6.1 - Introduction to Differential Equations", "expanded": false, "videos": "https://www.youtube.com/embed/gyCs_yg4LUM"}, {"name": "6.2 - Linear Differential Equations", "expanded": false, "videos": "https://www.youtube.com/embed/j6kFnlDUDe0"}, {"name": "6.3 - Nonlinear Differential Equations", "expanded": false, "videos": "https://www.youtube.com/embed/Kj0mZqltE7Y"}, {"name": "6.4 - Applications of Differential Equations", "expanded": false, "videos": "https://www.youtube.com/embed/HDP0_6lODgU"}, {"name": "6.5 - Applications of Differential Equations", "expanded": false, "videos": "https://www.youtube.com/embed/YoFMaXsB-J4"}], "Unit 7: Applications of Integration": [{"name": "7.1 - Applications of Integration", "expanded": false, "videos": "https://www.youtube.com/embed/NCF4m8BDs7w"}, {"name": "7.2 - Applications of Integration", "expanded": false, "videos": "https://www.youtube.com/embed/SAHSVg7Jw_A"}, {"name": "7.3 - Applications of Integration", "expanded": false, "videos": "https://www.youtube.com/embed/NCF4m8BDs7w"}, {"name": "7.4 - Applications of Integration", "expanded": false, "videos": "https://www.youtube.com/embed/NCF4m8BDs7w"}, {"name": "7.5 - Applications of Integration", "expanded": false, "videos": "https://www.youtube.com/embed/jG8rlgtO-HM"}]}